id,producto_id,producto,cantidad,fecha
1,1,Arroz Costeño,3,2025-01-05 00:00:00
3,3,Aceite Vegetal 1L,5,2025-01-06 00:00:00
2,2,Azúcar Rubia 1kg,2,2025-01-06 00:00:00
4,4,Fideos Tallarín,1,2025-01-07 00:00:00
5,5,Harina 1kg,2,2025-01-07 00:00:00
6,1,Arroz Costeño,4,2025-01-08 00:00:00
7,2,Azúcar Rubia 1kg,1,2025-01-09 00:00:00
8,6,Sal 1kg,3,2025-01-10 00:00:00
9,7,Lentejas 500g,2,2025-01-11 00:00:00
10,8,Frijoles 500g,1,2025-01-12 00:00:00
11,1,Arroz Costeño,5,2025-02-01 00:00:00
12,3,Aceite Vegetal 1L,2,2025-02-02 00:00:00
13,4,Fideos Tallarín,2,2025-02-03 00:00:00
14,5,Harina 1kg,4,2025-02-04 00:00:00
15,6,Sal 1kg,1,2025-02-05 00:00:00
16,2,Azúcar Rubia 1kg,3,2025-02-06 00:00:00
17,7,Lentejas 500g,2,2025-02-07 00:00:00
18,8,Frijoles 500g,3,2025-02-08 00:00:00
19,9,Quinua 500g,1,2025-02-09 00:00:00
20,10,Avena 500g,2,2025-02-10 00:00:00
21,1,Arroz Costeño,6,2025-03-01 00:00:00
22,2,Azúcar Rubia 1kg,4,2025-03-02 00:00:00
23,3,Aceite Vegetal 1L,2,2025-03-03 00:00:00
24,4,Fideos Tallarín,3,2025-03-04 00:00:00
25,5,Harina 1kg,5,2025-03-05 00:00:00
26,6,Sal 1kg,2,2025-03-06 00:00:00
27,7,Lentejas 500g,1,2025-03-07 00:00:00
28,8,Frijoles 500g,3,2025-03-08 00:00:00
29,9,Quinua 500g,2,2025-03-09 00:00:00
30,10,Avena 500g,4,2025-03-10 00:00:00
31,1,Arroz Costeño,7,2025-04-01 00:00:00
32,2,Azúcar Rubia 1kg,3,2025-04-02 00:00:00
33,3,Aceite Vegetal 1L,5,2025-04-03 00:00:00
34,4,Fideos Tallarín,2,2025-04-04 00:00:00
35,5,Harina 1kg,6,2025-04-05 00:00:00
36,6,Sal 1kg,2,2025-04-06 00:00:00
37,7,Lentejas 500g,3,2025-04-07 00:00:00
38,8,Frijoles 500g,1,2025-04-08 00:00:00
39,9,Quinua 500g,4,2025-04-09 00:00:00
40,10,Avena 500g,2,2025-04-10 00:00:00
41,1,Arroz Costeño,8,2025-05-01 00:00:00
42,2,Azúcar Rubia 1kg,5,2025-05-02 00:00:00
43,3,Aceite Vegetal 1L,4,2025-05-03 00:00:00
44,4,Fideos Tallarín,2,2025-05-04 00:00:00
45,5,Harina 1kg,7,2025-05-05 00:00:00
46,6,Sal 1kg,3,2025-05-06 00:00:00
47,7,Lentejas 500g,2,2025-05-07 00:00:00
48,8,Frijoles 500g,5,2025-05-08 00:00:00
49,9,Quinua 500g,3,2025-05-09 00:00:00
50,10,Avena 500g,4,2025-05-10 00:00:00
51,1,Arroz Costeño,9,2025-06-01 00:00:00
52,2,Azúcar Rubia 1kg,6,2025-06-02 00:00:00
53,3,Aceite Vegetal 1L,3,2025-06-03 00:00:00
54,4,Fideos Tallarín,4,2025-06-04 00:00:00
55,5,Harina 1kg,8,2025-06-05 00:00:00
56,6,Sal 1kg,2,2025-06-06 00:00:00
57,7,Lentejas 500g,3,2025-06-07 00:00:00
58,8,Frijoles 500g,6,2025-06-08 00:00:00
59,9,Quinua 500g,2,2025-06-09 00:00:00
625,27,Agua 625ml,7,2025-06-10 00:00:00
60,10,Avena 500g,5,2025-06-10 00:00:00
109,13,Durazno en Almíbar,2,2025-06-10 00:00:00
684,9,Quinua 500g,1,2025-06-11 00:00:00
238,3,Aceite Vegetal 1L,2,2025-06-11 00:00:00
514,5,Harina 1kg,6,2025-06-11 00:00:00
564,8,Frijoles 500g,8,2025-06-11 00:00:00
540,26,Fanta 1L,4,2025-06-12 00:00:00
638,19,Galletas Chocolate,4,2025-06-12 00:00:00
471,39,Desodorante,4,2025-06-13 00:00:00
781,20,Galletas Soda,4,2025-06-13 00:00:00
137,9,Quinua 500g,2,2025-06-13 00:00:00
237,36,Shampoo Sachet,3,2025-06-13 00:00:00
660,29,Cerveza (unidad),2,2025-06-13 00:00:00
454,4,Fideos Tallarín,4,2025-06-13 00:00:00
563,38,Jabón de Tocador,8,2025-06-13 00:00:00
175,28,Jugo Caja,1,2025-06-14 00:00:00
787,38,Jabón de Tocador,8,2025-06-14 00:00:00
556,21,Chocolate Barra,1,2025-06-14 00:00:00
247,40,Toallas Sanitarias,7,2025-06-15 00:00:00
377,4,Fideos Tallarín,3,2025-06-15 00:00:00
242,21,Chocolate Barra,3,2025-06-16 00:00:00
703,3,Aceite Vegetal 1L,1,2025-06-16 00:00:00
941,6,Sal 1kg,4,2025-06-16 00:00:00
788,8,Frijoles 500g,8,2025-06-16 00:00:00
726,15,Yogurt 1L,1,2025-06-17 00:00:00
939,11,Atún Lata,2,2025-06-17 00:00:00
274,36,Shampoo Sachet,5,2025-06-17 00:00:00
344,16,Queso Fresco,4,2025-06-17 00:00:00
88,8,Frijoles 500g,3,2025-06-17 00:00:00
1027,22,Caramelos Bolsa,2,2025-06-17 00:00:00
370,31,Detergente 1kg,4,2025-06-17 00:00:00
448,40,Toallas Sanitarias,2,2025-06-17 00:00:00
69,12,Sardina Lata,8,2025-06-18 00:00:00
304,5,Harina 1kg,4,2025-06-18 00:00:00
754,17,Huevos (docena),6,2025-06-18 00:00:00
837,35,Servilletas,8,2025-06-18 00:00:00
713,7,Lentejas 500g,1,2025-06-18 00:00:00
124,22,Caramelos Bolsa,2,2025-06-19 00:00:00
644,34,Papel Higiénico,8,2025-06-19 00:00:00
955,36,Shampoo Sachet,6,2025-06-19 00:00:00
496,7,Lentejas 500g,3,2025-06-20 00:00:00
449,23,Coca Cola 1L,6,2025-06-20 00:00:00
475,29,Cerveza (unidad),7,2025-06-20 00:00:00
1013,17,Huevos (docena),3,2025-06-20 00:00:00
558,37,Pasta Dental,5,2025-06-21 00:00:00
884,3,Aceite Vegetal 1L,7,2025-06-21 00:00:00
1051,9,Quinua 500g,8,2025-06-21 00:00:00
180,35,Servilletas,3,2025-06-21 00:00:00
1019,12,Sardina Lata,2,2025-06-22 00:00:00
800,28,Jugo Caja,7,2025-06-22 00:00:00
420,33,Lejía 1L,6,2025-06-22 00:00:00
802,30,Energizante Lata,7,2025-06-23 00:00:00
480,18,Pan de Molde,6,2025-06-23 00:00:00
297,1,Arroz Costeño,2,2025-06-24 00:00:00
960,34,Papel Higiénico,1,2025-06-24 00:00:00
294,39,Desodorante,7,2025-06-24 00:00:00
89,9,Quinua 500g,8,2025-06-24 00:00:00
143,3,Aceite Vegetal 1L,1,2025-06-24 00:00:00
516,39,Desodorante,7,2025-06-24 00:00:00
1038,15,Yogurt 1L,4,2025-06-25 00:00:00
858,38,Jabón de Tocador,5,2025-06-25 00:00:00
339,26,Fanta 1L,4,2025-06-25 00:00:00
311,5,Harina 1kg,6,2025-06-26 00:00:00
107,1,Arroz Costeño,5,2025-06-26 00:00:00
487,18,Pan de Molde,6,2025-06-26 00:00:00
224,28,Jugo Caja,7,2025-06-26 00:00:00
895,29,Cerveza (unidad),4,2025-06-28 00:00:00
524,37,Pasta Dental,2,2025-06-28 00:00:00
874,1,Arroz Costeño,2,2025-06-28 00:00:00
796,7,Lentejas 500g,5,2025-06-28 00:00:00
493,9,Quinua 500g,2,2025-06-29 00:00:00
178,9,Quinua 500g,2,2025-06-29 00:00:00
996,21,Chocolate Barra,1,2025-06-30 00:00:00
702,34,Papel Higiénico,1,2025-06-30 00:00:00
1036,38,Jabón de Tocador,8,2025-06-30 00:00:00
890,22,Caramelos Bolsa,3,2025-06-30 00:00:00
385,27,Agua 625ml,7,2025-07-01 00:00:00
731,7,Lentejas 500g,8,2025-07-01 00:00:00
462,15,Yogurt 1L,4,2025-07-02 00:00:00
83,19,Galletas Chocolate,4,2025-07-02 00:00:00
716,14,Leche Gloria,1,2025-07-02 00:00:00
160,13,Durazno en Almíbar,2,2025-07-02 00:00:00
192,16,Queso Fresco,3,2025-07-03 00:00:00
724,31,Detergente 1kg,1,2025-07-03 00:00:00
643,4,Fideos Tallarín,8,2025-07-03 00:00:00
635,6,Sal 1kg,6,2025-07-03 00:00:00
155,13,Durazno en Almíbar,8,2025-07-03 00:00:00
201,2,Azúcar Rubia 1kg,7,2025-07-03 00:00:00
251,20,Galletas Soda,8,2025-07-04 00:00:00
736,16,Queso Fresco,4,2025-07-04 00:00:00
511,19,Galletas Chocolate,3,2025-07-05 00:00:00
159,4,Fideos Tallarín,1,2025-07-05 00:00:00
584,15,Yogurt 1L,4,2025-07-05 00:00:00
931,28,Jugo Caja,7,2025-07-05 00:00:00
219,5,Harina 1kg,1,2025-07-05 00:00:00
388,1,Arroz Costeño,4,2025-07-05 00:00:00
335,7,Lentejas 500g,3,2025-07-06 00:00:00
583,17,Huevos (docena),1,2025-07-06 00:00:00
949,39,Desodorante,4,2025-07-06 00:00:00
897,31,Detergente 1kg,4,2025-07-06 00:00:00
989,4,Fideos Tallarín,6,2025-07-06 00:00:00
778,39,Desodorante,2,2025-07-06 00:00:00
974,16,Queso Fresco,7,2025-07-06 00:00:00
401,2,Azúcar Rubia 1kg,1,2025-07-06 00:00:00
535,5,Harina 1kg,1,2025-07-06 00:00:00
323,8,Frijoles 500g,6,2025-07-07 00:00:00
627,10,Avena 500g,3,2025-07-08 00:00:00
869,11,Atún Lata,4,2025-07-08 00:00:00
373,12,Sardina Lata,8,2025-07-08 00:00:00
1030,7,Lentejas 500g,1,2025-07-08 00:00:00
337,2,Azúcar Rubia 1kg,1,2025-07-08 00:00:00
209,26,Fanta 1L,1,2025-07-09 00:00:00
621,36,Shampoo Sachet,3,2025-07-09 00:00:00
445,7,Lentejas 500g,5,2025-07-09 00:00:00
686,30,Energizante Lata,1,2025-07-09 00:00:00
431,21,Chocolate Barra,1,2025-07-10 00:00:00
108,19,Galletas Chocolate,1,2025-07-10 00:00:00
111,16,Queso Fresco,4,2025-07-10 00:00:00
1006,23,Coca Cola 1L,5,2025-07-10 00:00:00
506,22,Caramelos Bolsa,3,2025-07-11 00:00:00
691,33,Lejía 1L,3,2025-07-11 00:00:00
612,8,Frijoles 500g,3,2025-07-11 00:00:00
230,4,Fideos Tallarín,4,2025-07-11 00:00:00
523,6,Sal 1kg,8,2025-07-11 00:00:00
977,9,Quinua 500g,2,2025-07-12 00:00:00
429,8,Frijoles 500g,5,2025-07-13 00:00:00
141,2,Azúcar Rubia 1kg,7,2025-07-13 00:00:00
461,10,Avena 500g,7,2025-07-13 00:00:00
783,16,Queso Fresco,4,2025-07-13 00:00:00
733,27,Agua 625ml,4,2025-07-14 00:00:00
239,14,Leche Gloria,5,2025-07-14 00:00:00
961,39,Desodorante,5,2025-07-14 00:00:00
655,18,Pan de Molde,1,2025-07-14 00:00:00
206,4,Fideos Tallarín,8,2025-07-14 00:00:00
751,36,Shampoo Sachet,5,2025-07-15 00:00:00
809,32,Jabón Ropa,8,2025-07-15 00:00:00
255,13,Durazno en Almíbar,5,2025-07-15 00:00:00
1037,19,Galletas Chocolate,1,2025-07-15 00:00:00
61,38,Jabón de Tocador,8,2025-07-16 00:00:00
735,29,Cerveza (unidad),4,2025-07-16 00:00:00
374,24,Inca Kola 1L,5,2025-07-16 00:00:00
944,14,Leche Gloria,7,2025-07-16 00:00:00
327,30,Energizante Lata,3,2025-07-16 00:00:00
93,35,Servilletas,3,2025-07-17 00:00:00
529,32,Jabón Ropa,3,2025-07-17 00:00:00
883,5,Harina 1kg,8,2025-07-17 00:00:00
763,6,Sal 1kg,8,2025-07-17 00:00:00
466,15,Yogurt 1L,4,2025-07-18 00:00:00
819,12,Sardina Lata,7,2025-07-18 00:00:00
772,13,Durazno en Almíbar,5,2025-07-18 00:00:00
1021,35,Servilletas,8,2025-07-18 00:00:00
364,12,Sardina Lata,7,2025-07-18 00:00:00
829,1,Arroz Costeño,4,2025-07-18 00:00:00
972,22,Caramelos Bolsa,7,2025-07-18 00:00:00
125,33,Lejía 1L,8,2025-07-18 00:00:00
912,3,Aceite Vegetal 1L,4,2025-07-19 00:00:00
343,25,Sprite 1L,7,2025-07-19 00:00:00
769,39,Desodorante,7,2025-07-19 00:00:00
495,35,Servilletas,5,2025-07-19 00:00:00
770,14,Leche Gloria,2,2025-07-20 00:00:00
263,26,Fanta 1L,7,2025-07-20 00:00:00
235,8,Frijoles 500g,8,2025-07-21 00:00:00
784,12,Sardina Lata,1,2025-07-21 00:00:00
384,11,Atún Lata,4,2025-07-21 00:00:00
950,15,Yogurt 1L,4,2025-07-21 00:00:00
154,6,Sal 1kg,5,2025-07-22 00:00:00
1028,31,Detergente 1kg,6,2025-07-22 00:00:00
1039,1,Arroz Costeño,7,2025-07-22 00:00:00
1000,8,Frijoles 500g,3,2025-07-22 00:00:00
162,20,Galletas Soda,8,2025-07-23 00:00:00
340,6,Sal 1kg,5,2025-07-24 00:00:00
196,18,Pan de Molde,4,2025-07-24 00:00:00
804,29,Cerveza (unidad),7,2025-07-25 00:00:00
435,22,Caramelos Bolsa,8,2025-07-25 00:00:00
280,10,Avena 500g,8,2025-07-25 00:00:00
546,34,Papel Higiénico,2,2025-07-25 00:00:00
287,3,Aceite Vegetal 1L,1,2025-07-25 00:00:00
489,38,Jabón de Tocador,8,2025-07-25 00:00:00
870,17,Huevos (docena),6,2025-07-26 00:00:00
917,11,Atún Lata,5,2025-07-26 00:00:00
205,17,Huevos (docena),3,2025-07-26 00:00:00
866,21,Chocolate Barra,2,2025-07-26 00:00:00
123,33,Lejía 1L,2,2025-07-26 00:00:00
379,6,Sal 1kg,6,2025-07-27 00:00:00
565,12,Sardina Lata,4,2025-07-27 00:00:00
101,36,Shampoo Sachet,2,2025-07-27 00:00:00
907,19,Galletas Chocolate,8,2025-07-27 00:00:00
250,12,Sardina Lata,7,2025-07-27 00:00:00
1024,23,Coca Cola 1L,2,2025-07-27 00:00:00
1002,34,Papel Higiénico,3,2025-07-28 00:00:00
314,28,Jugo Caja,4,2025-07-28 00:00:00
532,30,Energizante Lata,1,2025-07-29 00:00:00
244,13,Durazno en Almíbar,6,2025-07-29 00:00:00
320,35,Servilletas,5,2025-07-29 00:00:00
363,5,Harina 1kg,8,2025-07-30 00:00:00
805,13,Durazno en Almíbar,1,2025-07-30 00:00:00
986,7,Lentejas 500g,2,2025-07-30 00:00:00
942,27,Agua 625ml,2,2025-07-31 00:00:00
477,39,Desodorante,1,2025-08-01 00:00:00
692,28,Jugo Caja,1,2025-08-01 00:00:00
834,26,Fanta 1L,4,2025-08-01 00:00:00
223,28,Jugo Caja,4,2025-08-01 00:00:00
649,39,Desodorante,1,2025-08-01 00:00:00
807,29,Cerveza (unidad),4,2025-08-02 00:00:00
715,23,Coca Cola 1L,5,2025-08-02 00:00:00
573,11,Atún Lata,4,2025-08-02 00:00:00
308,3,Aceite Vegetal 1L,3,2025-08-02 00:00:00
741,19,Galletas Chocolate,1,2025-08-02 00:00:00
351,1,Arroz Costeño,6,2025-08-03 00:00:00
456,22,Caramelos Bolsa,7,2025-08-03 00:00:00
497,13,Durazno en Almíbar,4,2025-08-03 00:00:00
282,28,Jugo Caja,3,2025-08-03 00:00:00
508,2,Azúcar Rubia 1kg,1,2025-08-03 00:00:00
169,12,Sardina Lata,7,2025-08-03 00:00:00
362,19,Galletas Chocolate,3,2025-08-04 00:00:00
272,10,Avena 500g,4,2025-08-04 00:00:00
1047,27,Agua 625ml,4,2025-08-04 00:00:00
790,36,Shampoo Sachet,5,2025-08-04 00:00:00
636,14,Leche Gloria,4,2025-08-05 00:00:00
186,13,Durazno en Almíbar,1,2025-08-05 00:00:00
862,16,Queso Fresco,4,2025-08-05 00:00:00
249,3,Aceite Vegetal 1L,3,2025-08-05 00:00:00
443,20,Galletas Soda,5,2025-08-06 00:00:00
1023,1,Arroz Costeño,7,2025-08-06 00:00:00
130,2,Azúcar Rubia 1kg,6,2025-08-07 00:00:00
803,30,Energizante Lata,4,2025-08-07 00:00:00
599,24,Inca Kola 1L,4,2025-08-07 00:00:00
81,19,Galletas Chocolate,6,2025-08-07 00:00:00
77,10,Avena 500g,2,2025-08-07 00:00:00
157,23,Coca Cola 1L,8,2025-08-07 00:00:00
746,1,Arroz Costeño,7,2025-08-07 00:00:00
876,36,Shampoo Sachet,8,2025-08-07 00:00:00
349,7,Lentejas 500g,8,2025-08-08 00:00:00
901,12,Sardina Lata,1,2025-08-08 00:00:00
275,22,Caramelos Bolsa,5,2025-08-08 00:00:00
467,18,Pan de Molde,6,2025-08-08 00:00:00
103,10,Avena 500g,4,2025-08-08 00:00:00
227,25,Sprite 1L,4,2025-08-08 00:00:00
739,40,Toallas Sanitarias,1,2025-08-08 00:00:00
786,39,Desodorante,4,2025-08-09 00:00:00
797,34,Papel Higiénico,8,2025-08-10 00:00:00
1017,31,Detergente 1kg,6,2025-08-10 00:00:00
439,34,Papel Higiénico,3,2025-08-10 00:00:00
163,4,Fideos Tallarín,8,2025-08-11 00:00:00
1044,1,Arroz Costeño,3,2025-08-11 00:00:00
418,35,Servilletas,3,2025-08-11 00:00:00
576,14,Leche Gloria,6,2025-08-11 00:00:00
988,32,Jabón Ropa,6,2025-08-11 00:00:00
502,21,Chocolate Barra,7,2025-08-11 00:00:00
65,38,Jabón de Tocador,7,2025-08-12 00:00:00
527,13,Durazno en Almíbar,1,2025-08-12 00:00:00
622,21,Chocolate Barra,2,2025-08-12 00:00:00
833,7,Lentejas 500g,5,2025-08-13 00:00:00
345,35,Servilletas,2,2025-08-13 00:00:00
1053,12,Sardina Lata,7,2025-08-13 00:00:00
916,24,Inca Kola 1L,1,2025-08-13 00:00:00
182,33,Lejía 1L,8,2025-08-14 00:00:00
397,1,Arroz Costeño,7,2025-08-14 00:00:00
171,35,Servilletas,5,2025-08-15 00:00:00
271,8,Frijoles 500g,3,2025-08-15 00:00:00
927,39,Desodorante,4,2025-08-15 00:00:00
426,38,Jabón de Tocador,4,2025-08-15 00:00:00
359,14,Leche Gloria,3,2025-08-16 00:00:00
319,7,Lentejas 500g,2,2025-08-16 00:00:00
970,25,Sprite 1L,2,2025-08-16 00:00:00
700,2,Azúcar Rubia 1kg,3,2025-08-16 00:00:00
852,5,Harina 1kg,6,2025-08-16 00:00:00
585,9,Quinua 500g,7,2025-08-17 00:00:00
872,30,Energizante Lata,6,2025-08-17 00:00:00
386,40,Toallas Sanitarias,6,2025-08-18 00:00:00
257,8,Frijoles 500g,3,2025-08-19 00:00:00
648,29,Cerveza (unidad),4,2025-08-19 00:00:00
354,3,Aceite Vegetal 1L,4,2025-08-19 00:00:00
438,14,Leche Gloria,7,2025-08-19 00:00:00
628,19,Galletas Chocolate,8,2025-08-19 00:00:00
851,17,Huevos (docena),1,2025-08-20 00:00:00
310,8,Frijoles 500g,7,2025-08-20 00:00:00
730,29,Cerveza (unidad),1,2025-08-20 00:00:00
632,30,Energizante Lata,1,2025-08-20 00:00:00
482,25,Sprite 1L,4,2025-08-20 00:00:00
66,33,Lejía 1L,3,2025-08-20 00:00:00
561,6,Sal 1kg,2,2025-08-20 00:00:00
951,20,Galletas Soda,8,2025-08-21 00:00:00
578,15,Yogurt 1L,6,2025-08-21 00:00:00
190,18,Pan de Molde,6,2025-08-21 00:00:00
590,8,Frijoles 500g,5,2025-08-21 00:00:00
717,16,Queso Fresco,6,2025-08-22 00:00:00
888,24,Inca Kola 1L,4,2025-08-22 00:00:00
149,22,Caramelos Bolsa,2,2025-08-22 00:00:00
579,18,Pan de Molde,3,2025-08-22 00:00:00
1001,33,Lejía 1L,5,2025-08-23 00:00:00
64,26,Fanta 1L,7,2025-08-23 00:00:00
812,26,Fanta 1L,1,2025-08-23 00:00:00
662,31,Detergente 1kg,3,2025-08-23 00:00:00
744,23,Coca Cola 1L,4,2025-08-24 00:00:00
892,5,Harina 1kg,5,2025-08-24 00:00:00
417,33,Lejía 1L,5,2025-08-24 00:00:00
316,32,Jabón Ropa,8,2025-08-25 00:00:00
732,29,Cerveza (unidad),3,2025-08-25 00:00:00
849,13,Durazno en Almíbar,7,2025-08-25 00:00:00
283,12,Sardina Lata,7,2025-08-25 00:00:00
755,9,Quinua 500g,8,2025-08-25 00:00:00
650,40,Toallas Sanitarias,2,2025-08-26 00:00:00
92,39,Desodorante,2,2025-08-27 00:00:00
971,28,Jugo Caja,6,2025-08-28 00:00:00
164,22,Caramelos Bolsa,8,2025-08-28 00:00:00
260,24,Inca Kola 1L,7,2025-08-28 00:00:00
582,5,Harina 1kg,6,2025-08-28 00:00:00
856,33,Lejía 1L,3,2025-08-29 00:00:00
97,5,Harina 1kg,3,2025-08-29 00:00:00
188,15,Yogurt 1L,6,2025-08-29 00:00:00
850,40,Toallas Sanitarias,1,2025-08-29 00:00:00
984,33,Lejía 1L,5,2025-08-30 00:00:00
432,10,Avena 500g,7,2025-08-30 00:00:00
243,7,Lentejas 500g,7,2025-08-30 00:00:00
193,29,Cerveza (unidad),3,2025-08-30 00:00:00
568,19,Galletas Chocolate,8,2025-08-31 00:00:00
902,6,Sal 1kg,8,2025-08-31 00:00:00
94,29,Cerveza (unidad),1,2025-09-01 00:00:00
640,2,Azúcar Rubia 1kg,8,2025-09-01 00:00:00
675,21,Chocolate Barra,4,2025-09-01 00:00:00
422,31,Detergente 1kg,3,2025-09-01 00:00:00
945,11,Atún Lata,7,2025-09-02 00:00:00
893,37,Pasta Dental,5,2025-09-02 00:00:00
184,25,Sprite 1L,2,2025-09-02 00:00:00
575,39,Desodorante,4,2025-09-02 00:00:00
105,9,Quinua 500g,4,2025-09-03 00:00:00
464,2,Azúcar Rubia 1kg,8,2025-09-03 00:00:00
503,39,Desodorante,1,2025-09-04 00:00:00
959,12,Sardina Lata,6,2025-09-04 00:00:00
126,2,Azúcar Rubia 1kg,6,2025-09-04 00:00:00
982,26,Fanta 1L,2,2025-09-04 00:00:00
307,24,Inca Kola 1L,2,2025-09-04 00:00:00
647,14,Leche Gloria,6,2025-09-04 00:00:00
1059,17,Huevos (docena),1,2025-09-04 00:00:00
847,10,Avena 500g,7,2025-09-04 00:00:00
367,1,Arroz Costeño,8,2025-09-04 00:00:00
864,31,Detergente 1kg,3,2025-09-05 00:00:00
666,16,Queso Fresco,4,2025-09-06 00:00:00
150,38,Jabón de Tocador,7,2025-09-06 00:00:00
1048,31,Detergente 1kg,2,2025-09-06 00:00:00
600,40,Toallas Sanitarias,3,2025-09-06 00:00:00
656,18,Pan de Molde,6,2025-09-07 00:00:00
355,38,Jabón de Tocador,7,2025-09-07 00:00:00
808,27,Agua 625ml,6,2025-09-08 00:00:00
145,21,Chocolate Barra,2,2025-09-08 00:00:00
85,39,Desodorante,1,2025-09-08 00:00:00
806,38,Jabón de Tocador,1,2025-09-08 00:00:00
1016,23,Coca Cola 1L,1,2025-09-08 00:00:00
570,22,Caramelos Bolsa,4,2025-09-09 00:00:00
878,33,Lejía 1L,2,2025-09-09 00:00:00
711,23,Coca Cola 1L,5,2025-09-09 00:00:00
614,24,Inca Kola 1L,1,2025-09-09 00:00:00
605,25,Sprite 1L,2,2025-09-09 00:00:00
938,35,Servilletas,2,2025-09-09 00:00:00
221,38,Jabón de Tocador,7,2025-09-10 00:00:00
181,10,Avena 500g,1,2025-09-10 00:00:00
197,17,Huevos (docena),5,2025-09-10 00:00:00
963,6,Sal 1kg,3,2025-09-10 00:00:00
121,17,Huevos (docena),5,2025-09-10 00:00:00
259,37,Pasta Dental,4,2025-09-10 00:00:00
554,34,Papel Higiénico,8,2025-09-10 00:00:00
1045,19,Galletas Chocolate,5,2025-09-10 00:00:00
187,2,Azúcar Rubia 1kg,4,2025-09-10 00:00:00
1057,34,Papel Higiénico,7,2025-09-11 00:00:00
498,33,Lejía 1L,3,2025-09-11 00:00:00
547,21,Chocolate Barra,8,2025-09-11 00:00:00
131,8,Frijoles 500g,2,2025-09-12 00:00:00
258,13,Durazno en Almíbar,6,2025-09-12 00:00:00
759,30,Energizante Lata,1,2025-09-13 00:00:00
937,1,Arroz Costeño,6,2025-09-13 00:00:00
1010,12,Sardina Lata,6,2025-09-14 00:00:00
232,31,Detergente 1kg,5,2025-09-15 00:00:00
202,38,Jabón de Tocador,4,2025-09-15 00:00:00
336,24,Inca Kola 1L,6,2025-09-15 00:00:00
710,40,Toallas Sanitarias,4,2025-09-15 00:00:00
1041,28,Jugo Caja,8,2025-09-16 00:00:00
542,16,Queso Fresco,3,2025-09-16 00:00:00
392,16,Queso Fresco,5,2025-09-16 00:00:00
117,39,Desodorante,6,2025-09-16 00:00:00
553,2,Azúcar Rubia 1kg,6,2025-09-16 00:00:00
151,11,Atún Lata,2,2025-09-16 00:00:00
740,2,Azúcar Rubia 1kg,5,2025-09-17 00:00:00
760,22,Caramelos Bolsa,5,2025-09-17 00:00:00
940,27,Agua 625ml,3,2025-09-17 00:00:00
679,15,Yogurt 1L,1,2025-09-18 00:00:00
279,8,Frijoles 500g,5,2025-09-18 00:00:00
286,16,Queso Fresco,3,2025-09-18 00:00:00
267,16,Queso Fresco,3,2025-09-18 00:00:00
96,28,Jugo Caja,3,2025-09-18 00:00:00
693,36,Shampoo Sachet,7,2025-09-19 00:00:00
823,28,Jugo Caja,3,2025-09-19 00:00:00
745,13,Durazno en Almíbar,6,2025-09-19 00:00:00
1049,16,Queso Fresco,8,2025-09-19 00:00:00
284,40,Toallas Sanitarias,1,2025-09-20 00:00:00
1003,37,Pasta Dental,1,2025-09-20 00:00:00
674,2,Azúcar Rubia 1kg,5,2025-09-20 00:00:00
1004,38,Jabón de Tocador,4,2025-09-20 00:00:00
261,6,Sal 1kg,7,2025-09-21 00:00:00
427,3,Aceite Vegetal 1L,5,2025-09-21 00:00:00
299,13,Durazno en Almíbar,1,2025-09-21 00:00:00
569,34,Papel Higiénico,2,2025-09-22 00:00:00
1022,36,Shampoo Sachet,1,2025-09-22 00:00:00
396,1,Arroz Costeño,6,2025-09-22 00:00:00
832,34,Papel Higiénico,8,2025-09-23 00:00:00
381,36,Shampoo Sachet,5,2025-09-23 00:00:00
792,6,Sal 1kg,7,2025-09-23 00:00:00
922,16,Queso Fresco,5,2025-09-23 00:00:00
194,30,Energizante Lata,6,2025-09-23 00:00:00
706,22,Caramelos Bolsa,2,2025-09-23 00:00:00
463,5,Harina 1kg,3,2025-09-23 00:00:00
115,3,Aceite Vegetal 1L,8,2025-09-24 00:00:00
127,27,Agua 625ml,3,2025-09-24 00:00:00
595,25,Sprite 1L,6,2025-09-24 00:00:00
100,18,Pan de Molde,6,2025-09-24 00:00:00
896,3,Aceite Vegetal 1L,2,2025-09-25 00:00:00
795,26,Fanta 1L,6,2025-09-25 00:00:00
965,10,Avena 500g,5,2025-09-25 00:00:00
695,21,Chocolate Barra,4,2025-09-25 00:00:00
551,16,Queso Fresco,3,2025-09-26 00:00:00
697,20,Galletas Soda,8,2025-09-26 00:00:00
292,24,Inca Kola 1L,2,2025-09-26 00:00:00
820,15,Yogurt 1L,3,2025-09-26 00:00:00
331,11,Atún Lata,7,2025-09-27 00:00:00
889,9,Quinua 500g,2,2025-09-27 00:00:00
698,9,Quinua 500g,7,2025-09-28 00:00:00
444,22,Caramelos Bolsa,1,2025-09-28 00:00:00
962,36,Shampoo Sachet,1,2025-09-28 00:00:00
639,25,Sprite 1L,1,2025-09-29 00:00:00
567,25,Sprite 1L,3,2025-09-29 00:00:00
936,22,Caramelos Bolsa,4,2025-09-29 00:00:00
144,7,Lentejas 500g,5,2025-09-30 00:00:00
200,17,Huevos (docena),6,2025-09-30 00:00:00
817,40,Toallas Sanitarias,6,2025-09-30 00:00:00
305,29,Cerveza (unidad),5,2025-09-30 00:00:00
773,36,Shampoo Sachet,1,2025-09-30 00:00:00
262,31,Detergente 1kg,5,2025-10-01 00:00:00
854,39,Desodorante,3,2025-10-01 00:00:00
114,30,Energizante Lata,6,2025-10-01 00:00:00
375,40,Toallas Sanitarias,4,2025-10-02 00:00:00
1032,28,Jugo Caja,8,2025-10-02 00:00:00
659,11,Atún Lata,7,2025-10-02 00:00:00
753,18,Pan de Molde,8,2025-10-02 00:00:00
708,23,Coca Cola 1L,7,2025-10-03 00:00:00
689,11,Atún Lata,7,2025-10-03 00:00:00
490,37,Pasta Dental,1,2025-10-03 00:00:00
369,20,Galletas Soda,2,2025-10-03 00:00:00
430,3,Aceite Vegetal 1L,8,2025-10-03 00:00:00
908,8,Frijoles 500g,4,2025-10-03 00:00:00
458,29,Cerveza (unidad),8,2025-10-03 00:00:00
450,39,Desodorante,6,2025-10-04 00:00:00
921,11,Atún Lata,6,2025-10-04 00:00:00
63,5,Harina 1kg,5,2025-10-04 00:00:00
665,29,Cerveza (unidad),3,2025-10-04 00:00:00
321,12,Sardina Lata,7,2025-10-04 00:00:00
165,24,Inca Kola 1L,1,2025-10-04 00:00:00
1056,28,Jugo Caja,5,2025-10-05 00:00:00
460,19,Galletas Chocolate,3,2025-10-05 00:00:00
743,34,Papel Higiénico,5,2025-10-05 00:00:00
302,19,Galletas Chocolate,8,2025-10-06 00:00:00
926,12,Sardina Lata,4,2025-10-06 00:00:00
350,15,Yogurt 1L,1,2025-10-06 00:00:00
72,8,Frijoles 500g,2,2025-10-06 00:00:00
709,34,Papel Higiénico,7,2025-10-06 00:00:00
867,21,Chocolate Barra,1,2025-10-06 00:00:00
904,24,Inca Kola 1L,1,2025-10-07 00:00:00
859,23,Coca Cola 1L,6,2025-10-07 00:00:00
326,8,Frijoles 500g,2,2025-10-07 00:00:00
705,31,Detergente 1kg,8,2025-10-07 00:00:00
756,22,Caramelos Bolsa,7,2025-10-07 00:00:00
118,39,Desodorante,6,2025-10-08 00:00:00
995,9,Quinua 500g,6,2025-10-08 00:00:00
594,7,Lentejas 500g,5,2025-10-08 00:00:00
147,4,Fideos Tallarín,8,2025-10-09 00:00:00
334,9,Quinua 500g,4,2025-10-09 00:00:00
216,23,Coca Cola 1L,2,2025-10-09 00:00:00
663,22,Caramelos Bolsa,7,2025-10-09 00:00:00
991,21,Chocolate Barra,5,2025-10-10 00:00:00
928,1,Arroz Costeño,3,2025-10-10 00:00:00
446,1,Arroz Costeño,6,2025-10-10 00:00:00
509,36,Shampoo Sachet,7,2025-10-11 00:00:00
624,30,Energizante Lata,8,2025-10-11 00:00:00
603,5,Harina 1kg,2,2025-10-11 00:00:00
470,40,Toallas Sanitarias,4,2025-10-11 00:00:00
330,38,Jabón de Tocador,1,2025-10-11 00:00:00
598,10,Avena 500g,6,2025-10-12 00:00:00
129,26,Fanta 1L,4,2025-10-12 00:00:00
983,40,Toallas Sanitarias,8,2025-10-12 00:00:00
597,4,Fideos Tallarín,7,2025-10-12 00:00:00
120,36,Shampoo Sachet,1,2025-10-13 00:00:00
479,36,Shampoo Sachet,1,2025-10-14 00:00:00
964,31,Detergente 1kg,7,2025-10-14 00:00:00
441,11,Atún Lata,6,2025-10-14 00:00:00
332,26,Fanta 1L,8,2025-10-14 00:00:00
416,5,Harina 1kg,5,2025-10-15 00:00:00
421,6,Sal 1kg,5,2025-10-15 00:00:00
161,35,Servilletas,1,2025-10-15 00:00:00
838,17,Huevos (docena),8,2025-10-15 00:00:00
680,29,Cerveza (unidad),3,2025-10-15 00:00:00
398,28,Jugo Caja,6,2025-10-15 00:00:00
289,20,Galletas Soda,4,2025-10-15 00:00:00
881,35,Servilletas,6,2025-10-15 00:00:00
1031,8,Frijoles 500g,5,2025-10-15 00:00:00
552,10,Avena 500g,7,2025-10-16 00:00:00
406,30,Energizante Lata,6,2025-10-16 00:00:00
91,39,Desodorante,8,2025-10-17 00:00:00
924,3,Aceite Vegetal 1L,5,2025-10-18 00:00:00
930,5,Harina 1kg,8,2025-10-18 00:00:00
537,29,Cerveza (unidad),5,2025-10-18 00:00:00
682,26,Fanta 1L,1,2025-10-18 00:00:00
631,26,Fanta 1L,3,2025-10-18 00:00:00
1014,17,Huevos (docena),8,2025-10-18 00:00:00
407,14,Leche Gloria,1,2025-10-18 00:00:00
999,34,Papel Higiénico,7,2025-10-19 00:00:00
830,18,Pan de Molde,7,2025-10-19 00:00:00
685,27,Agua 625ml,3,2025-10-20 00:00:00
742,29,Cerveza (unidad),8,2025-10-20 00:00:00
885,28,Jugo Caja,3,2025-10-20 00:00:00
749,34,Papel Higiénico,5,2025-10-20 00:00:00
549,11,Atún Lata,1,2025-10-20 00:00:00
761,7,Lentejas 500g,5,2025-10-20 00:00:00
256,34,Papel Higiénico,7,2025-10-20 00:00:00
266,39,Desodorante,1,2025-10-21 00:00:00
580,20,Galletas Soda,5,2025-10-21 00:00:00
727,4,Fideos Tallarín,3,2025-10-21 00:00:00
252,30,Energizante Lata,3,2025-10-21 00:00:00
645,19,Galletas Chocolate,2,2025-10-21 00:00:00
952,24,Inca Kola 1L,1,2025-10-21 00:00:00
433,8,Frijoles 500g,1,2025-10-21 00:00:00
642,2,Azúcar Rubia 1kg,5,2025-10-22 00:00:00
777,5,Harina 1kg,5,2025-10-22 00:00:00
333,35,Servilletas,7,2025-10-23 00:00:00
168,3,Aceite Vegetal 1L,2,2025-10-23 00:00:00
341,14,Leche Gloria,1,2025-10-24 00:00:00
748,4,Fideos Tallarín,8,2025-10-24 00:00:00
641,40,Toallas Sanitarias,8,2025-10-24 00:00:00
541,36,Shampoo Sachet,4,2025-10-25 00:00:00
920,22,Caramelos Bolsa,7,2025-10-25 00:00:00
799,17,Huevos (docena),3,2025-10-26 00:00:00
285,33,Lejía 1L,7,2025-10-27 00:00:00
329,12,Sardina Lata,3,2025-10-27 00:00:00
855,19,Galletas Chocolate,8,2025-10-27 00:00:00
481,10,Avena 500g,1,2025-10-28 00:00:00
860,20,Galletas Soda,1,2025-10-28 00:00:00
346,32,Jabón Ropa,2,2025-10-28 00:00:00
402,15,Yogurt 1L,5,2025-10-28 00:00:00
848,13,Durazno en Almíbar,4,2025-10-28 00:00:00
191,11,Atún Lata,4,2025-10-28 00:00:00
528,7,Lentejas 500g,1,2025-10-29 00:00:00
947,12,Sardina Lata,6,2025-10-29 00:00:00
488,12,Sardina Lata,3,2025-10-29 00:00:00
393,18,Pan de Molde,8,2025-10-29 00:00:00
798,15,Yogurt 1L,2,2025-10-29 00:00:00
821,12,Sardina Lata,1,2025-10-30 00:00:00
954,32,Jabón Ropa,8,2025-10-30 00:00:00
975,39,Desodorante,4,2025-10-31 00:00:00
985,39,Desodorante,8,2025-11-01 00:00:00
128,11,Atún Lata,1,2025-11-01 00:00:00
958,38,Jabón de Tocador,8,2025-11-02 00:00:00
725,10,Avena 500g,7,2025-11-03 00:00:00
291,40,Toallas Sanitarias,1,2025-11-03 00:00:00
690,30,Energizante Lata,3,2025-11-03 00:00:00
712,1,Arroz Costeño,8,2025-11-03 00:00:00
629,26,Fanta 1L,3,2025-11-03 00:00:00
312,12,Sardina Lata,3,2025-11-03 00:00:00
268,3,Aceite Vegetal 1L,2,2025-11-03 00:00:00
338,17,Huevos (docena),7,2025-11-04 00:00:00
394,37,Pasta Dental,7,2025-11-04 00:00:00
813,15,Yogurt 1L,8,2025-11-04 00:00:00
476,28,Jugo Caja,3,2025-11-05 00:00:00
265,24,Inca Kola 1L,6,2025-11-05 00:00:00
102,18,Pan de Molde,5,2025-11-05 00:00:00
723,6,Sal 1kg,4,2025-11-05 00:00:00
633,6,Sal 1kg,7,2025-11-05 00:00:00
957,2,Azúcar Rubia 1kg,3,2025-11-06 00:00:00
71,5,Harina 1kg,5,2025-11-06 00:00:00
581,34,Papel Higiénico,6,2025-11-06 00:00:00
525,36,Shampoo Sachet,3,2025-11-07 00:00:00
997,2,Azúcar Rubia 1kg,8,2025-11-07 00:00:00
969,1,Arroz Costeño,2,2025-11-07 00:00:00
637,31,Detergente 1kg,2,2025-11-07 00:00:00
967,17,Huevos (docena),7,2025-11-07 00:00:00
1008,12,Sardina Lata,8,2025-11-08 00:00:00
762,34,Papel Higiénico,6,2025-11-08 00:00:00
290,15,Yogurt 1L,3,2025-11-08 00:00:00
210,23,Coca Cola 1L,4,2025-11-08 00:00:00
617,29,Cerveza (unidad),7,2025-11-08 00:00:00
943,13,Durazno en Almíbar,8,2025-11-09 00:00:00
719,29,Cerveza (unidad),7,2025-11-09 00:00:00
810,40,Toallas Sanitarias,5,2025-11-09 00:00:00
520,29,Cerveza (unidad),6,2025-11-09 00:00:00
225,34,Papel Higiénico,1,2025-11-09 00:00:00
390,4,Fideos Tallarín,2,2025-11-11 00:00:00
348,35,Servilletas,6,2025-11-11 00:00:00
750,32,Jabón Ropa,4,2025-11-12 00:00:00
1015,30,Energizante Lata,2,2025-11-12 00:00:00
501,9,Quinua 500g,7,2025-11-12 00:00:00
86,26,Fanta 1L,1,2025-11-12 00:00:00
380,32,Jabón Ropa,4,2025-11-12 00:00:00
296,39,Desodorante,6,2025-11-12 00:00:00
513,5,Harina 1kg,8,2025-11-12 00:00:00
212,34,Papel Higiénico,2,2025-11-13 00:00:00
789,15,Yogurt 1L,6,2025-11-13 00:00:00
699,30,Energizante Lata,3,2025-11-14 00:00:00
909,3,Aceite Vegetal 1L,8,2025-11-14 00:00:00
518,23,Coca Cola 1L,1,2025-11-14 00:00:00
956,39,Desodorante,6,2025-11-15 00:00:00
572,34,Papel Higiénico,6,2025-11-15 00:00:00
652,31,Detergente 1kg,7,2025-11-15 00:00:00
543,1,Arroz Costeño,8,2025-11-15 00:00:00
459,21,Chocolate Barra,2,2025-11-16 00:00:00
383,8,Frijoles 500g,6,2025-11-17 00:00:00
136,40,Toallas Sanitarias,3,2025-11-17 00:00:00
273,39,Desodorante,1,2025-11-17 00:00:00
780,12,Sardina Lata,8,2025-11-17 00:00:00
990,21,Chocolate Barra,2,2025-11-17 00:00:00
1046,8,Frijoles 500g,7,2025-11-17 00:00:00
925,39,Desodorante,3,2025-11-18 00:00:00
835,31,Detergente 1kg,2,2025-11-18 00:00:00
455,29,Cerveza (unidad),5,2025-11-18 00:00:00
1042,12,Sardina Lata,3,2025-11-18 00:00:00
492,19,Galletas Chocolate,1,2025-11-19 00:00:00
453,22,Caramelos Bolsa,1,2025-11-19 00:00:00
953,20,Galletas Soda,7,2025-11-19 00:00:00
707,20,Galletas Soda,2,2025-11-19 00:00:00
234,33,Lejía 1L,1,2025-11-19 00:00:00
172,25,Sprite 1L,3,2025-11-19 00:00:00
877,10,Avena 500g,4,2025-11-19 00:00:00
222,14,Leche Gloria,5,2025-11-20 00:00:00
472,37,Pasta Dental,4,2025-11-20 00:00:00
78,24,Inca Kola 1L,3,2025-11-20 00:00:00
62,31,Detergente 1kg,4,2025-11-21 00:00:00
521,33,Lejía 1L,2,2025-11-21 00:00:00
771,4,Fideos Tallarín,8,2025-11-21 00:00:00
315,25,Sprite 1L,5,2025-11-21 00:00:00
557,31,Detergente 1kg,7,2025-11-21 00:00:00
968,29,Cerveza (unidad),7,2025-11-22 00:00:00
899,17,Huevos (docena),5,2025-11-22 00:00:00
979,34,Papel Higiénico,6,2025-11-22 00:00:00
293,17,Huevos (docena),7,2025-11-22 00:00:00
1060,15,Yogurt 1L,6,2025-11-22 00:00:00
76,11,Atún Lata,6,2025-11-22 00:00:00
775,21,Chocolate Barra,2,2025-11-22 00:00:00
868,15,Yogurt 1L,3,2025-11-22 00:00:00
113,4,Fideos Tallarín,2,2025-11-23 00:00:00
408,12,Sardina Lata,8,2025-11-23 00:00:00
536,10,Avena 500g,8,2025-11-24 00:00:00
166,7,Lentejas 500g,4,2025-11-24 00:00:00
70,10,Avena 500g,1,2025-11-24 00:00:00
288,28,Jugo Caja,8,2025-11-24 00:00:00
871,36,Shampoo Sachet,7,2025-11-24 00:00:00
73,29,Cerveza (unidad),2,2025-11-25 00:00:00
653,34,Papel Higiénico,2,2025-11-25 00:00:00
646,5,Harina 1kg,1,2025-11-25 00:00:00
324,14,Leche Gloria,3,2025-11-26 00:00:00
179,38,Jabón de Tocador,5,2025-11-26 00:00:00
634,23,Coca Cola 1L,1,2025-11-26 00:00:00
545,17,Huevos (docena),2,2025-11-26 00:00:00
415,37,Pasta Dental,1,2025-11-26 00:00:00
764,40,Toallas Sanitarias,5,2025-11-26 00:00:00
676,22,Caramelos Bolsa,6,2025-11-26 00:00:00
510,39,Desodorante,3,2025-11-27 00:00:00
399,16,Queso Fresco,3,2025-11-27 00:00:00
361,12,Sardina Lata,3,2025-11-27 00:00:00
203,25,Sprite 1L,8,2025-11-27 00:00:00
701,22,Caramelos Bolsa,7,2025-11-27 00:00:00
295,38,Jabón de Tocador,4,2025-11-29 00:00:00
768,10,Avena 500g,4,2025-11-29 00:00:00
894,35,Servilletas,2,2025-11-29 00:00:00
317,30,Energizante Lata,7,2025-11-29 00:00:00
734,16,Queso Fresco,5,2025-11-29 00:00:00
233,14,Leche Gloria,5,2025-11-30 00:00:00
654,27,Agua 625ml,3,2025-11-30 00:00:00
173,14,Leche Gloria,6,2025-11-30 00:00:00
681,23,Coca Cola 1L,3,2025-11-30 00:00:00
515,2,Azúcar Rubia 1kg,2,2025-11-30 00:00:00
891,17,Huevos (docena),7,2025-12-01 00:00:00
507,23,Coca Cola 1L,4,2025-12-01 00:00:00
980,16,Queso Fresco,8,2025-12-01 00:00:00
1050,11,Atún Lata,1,2025-12-02 00:00:00
577,12,Sardina Lata,6,2025-12-02 00:00:00
246,12,Sardina Lata,5,2025-12-02 00:00:00
728,24,Inca Kola 1L,3,2025-12-03 00:00:00
973,21,Chocolate Barra,1,2025-12-03 00:00:00
167,2,Azúcar Rubia 1kg,2,2025-12-04 00:00:00
236,1,Arroz Costeño,5,2025-12-04 00:00:00
811,20,Galletas Soda,6,2025-12-04 00:00:00
328,37,Pasta Dental,1,2025-12-04 00:00:00
620,23,Coca Cola 1L,8,2025-12-05 00:00:00
360,24,Inca Kola 1L,1,2025-12-05 00:00:00
303,18,Pan de Molde,7,2025-12-05 00:00:00
671,26,Fanta 1L,6,2025-12-05 00:00:00
694,24,Inca Kola 1L,6,2025-12-06 00:00:00
153,23,Coca Cola 1L,4,2025-12-06 00:00:00
831,12,Sardina Lata,8,2025-12-07 00:00:00
668,29,Cerveza (unidad),3,2025-12-07 00:00:00
609,30,Energizante Lata,8,2025-12-07 00:00:00
933,15,Yogurt 1L,8,2025-12-07 00:00:00
606,5,Harina 1kg,4,2025-12-07 00:00:00
857,23,Coca Cola 1L,8,2025-12-08 00:00:00
822,25,Sprite 1L,3,2025-12-08 00:00:00
992,26,Fanta 1L,6,2025-12-08 00:00:00
309,9,Quinua 500g,4,2025-12-09 00:00:00
667,11,Atún Lata,3,2025-12-09 00:00:00
95,16,Queso Fresco,8,2025-12-10 00:00:00
400,13,Durazno en Almíbar,5,2025-12-10 00:00:00
664,39,Desodorante,3,2025-12-10 00:00:00
376,34,Papel Higiénico,7,2025-12-10 00:00:00
366,1,Arroz Costeño,5,2025-12-11 00:00:00
208,40,Toallas Sanitarias,3,2025-12-11 00:00:00
593,33,Lejía 1L,7,2025-12-11 00:00:00
615,30,Energizante Lata,5,2025-12-11 00:00:00
116,15,Yogurt 1L,5,2025-12-11 00:00:00
368,4,Fideos Tallarín,4,2025-12-11 00:00:00
987,24,Inca Kola 1L,3,2025-12-11 00:00:00
281,40,Toallas Sanitarias,3,2025-12-12 00:00:00
264,15,Yogurt 1L,3,2025-12-12 00:00:00
714,34,Papel Higiénico,1,2025-12-12 00:00:00
1005,29,Cerveza (unidad),4,2025-12-12 00:00:00
607,16,Queso Fresco,7,2025-12-13 00:00:00
816,29,Cerveza (unidad),5,2025-12-13 00:00:00
935,30,Energizante Lata,4,2025-12-13 00:00:00
142,6,Sal 1kg,2,2025-12-14 00:00:00
500,24,Inca Kola 1L,5,2025-12-14 00:00:00
1018,5,Harina 1kg,7,2025-12-14 00:00:00
824,6,Sal 1kg,4,2025-12-14 00:00:00
322,29,Cerveza (unidad),2,2025-12-14 00:00:00
966,12,Sardina Lata,1,2025-12-15 00:00:00
538,2,Azúcar Rubia 1kg,5,2025-12-15 00:00:00
722,35,Servilletas,7,2025-12-15 00:00:00
592,16,Queso Fresco,8,2025-12-16 00:00:00
389,10,Avena 500g,8,2025-12-16 00:00:00
752,2,Azúcar Rubia 1kg,7,2025-12-16 00:00:00
548,37,Pasta Dental,5,2025-12-16 00:00:00
352,6,Sal 1kg,1,2025-12-17 00:00:00
231,9,Quinua 500g,6,2025-12-17 00:00:00
342,17,Huevos (docena),4,2025-12-17 00:00:00
491,7,Lentejas 500g,4,2025-12-18 00:00:00
485,36,Shampoo Sachet,4,2025-12-18 00:00:00
112,11,Atún Lata,8,2025-12-18 00:00:00
913,15,Yogurt 1L,3,2025-12-18 00:00:00
278,5,Harina 1kg,2,2025-12-19 00:00:00
199,9,Quinua 500g,4,2025-12-19 00:00:00
993,18,Pan de Molde,1,2025-12-19 00:00:00
228,37,Pasta Dental,8,2025-12-19 00:00:00
601,39,Desodorante,6,2025-12-19 00:00:00
241,2,Azúcar Rubia 1kg,7,2025-12-19 00:00:00
757,37,Pasta Dental,1,2025-12-20 00:00:00
774,7,Lentejas 500g,4,2025-12-20 00:00:00
382,10,Avena 500g,8,2025-12-21 00:00:00
425,24,Inca Kola 1L,3,2025-12-21 00:00:00
301,4,Fideos Tallarín,7,2025-12-21 00:00:00
277,34,Papel Higiénico,3,2025-12-21 00:00:00
836,27,Agua 625ml,3,2025-12-22 00:00:00
934,29,Cerveza (unidad),4,2025-12-22 00:00:00
158,8,Frijoles 500g,3,2025-12-22 00:00:00
140,27,Agua 625ml,8,2025-12-22 00:00:00
846,5,Harina 1kg,2,2025-12-22 00:00:00
152,11,Atún Lata,1,2025-12-22 00:00:00
465,2,Azúcar Rubia 1kg,2,2025-12-22 00:00:00
395,14,Leche Gloria,8,2025-12-22 00:00:00
785,34,Papel Higiénico,6,2025-12-23 00:00:00
845,8,Frijoles 500g,3,2025-12-23 00:00:00
1054,33,Lejía 1L,2,2025-12-24 00:00:00
589,11,Atún Lata,8,2025-12-24 00:00:00
139,18,Pan de Molde,4,2025-12-24 00:00:00
948,30,Energizante Lata,1,2025-12-25 00:00:00
428,20,Galletas Soda,3,2025-12-25 00:00:00
602,26,Fanta 1L,8,2025-12-25 00:00:00
478,40,Toallas Sanitarias,3,2025-12-25 00:00:00
865,31,Detergente 1kg,7,2025-12-26 00:00:00
174,10,Avena 500g,1,2025-12-26 00:00:00
240,33,Lejía 1L,6,2025-12-26 00:00:00
505,35,Servilletas,4,2025-12-26 00:00:00
214,30,Energizante Lata,8,2025-12-26 00:00:00
419,7,Lentejas 500g,1,2025-12-27 00:00:00
588,2,Azúcar Rubia 1kg,5,2025-12-27 00:00:00
574,35,Servilletas,6,2025-12-27 00:00:00
99,12,Sardina Lata,5,2025-12-28 00:00:00
900,24,Inca Kola 1L,8,2025-12-28 00:00:00
793,33,Lejía 1L,7,2025-12-28 00:00:00
358,36,Shampoo Sachet,8,2025-12-28 00:00:00
914,28,Jugo Caja,2,2025-12-29 00:00:00
119,15,Yogurt 1L,4,2025-12-29 00:00:00
372,33,Lejía 1L,3,2025-12-29 00:00:00
1020,29,Cerveza (unidad),4,2025-12-29 00:00:00
391,22,Caramelos Bolsa,8,2025-12-30 00:00:00
747,25,Sprite 1L,3,2025-12-30 00:00:00
555,37,Pasta Dental,5,2025-12-30 00:00:00
998,7,Lentejas 500g,1,2025-12-30 00:00:00
906,16,Queso Fresco,2,2025-12-30 00:00:00
875,29,Cerveza (unidad),4,2025-12-31 00:00:00
106,22,Caramelos Bolsa,6,2025-12-31 00:00:00
533,29,Cerveza (unidad),8,2025-12-31 00:00:00
670,35,Servilletas,4,2025-12-31 00:00:00
110,18,Pan de Molde,2,2025-12-31 00:00:00
146,12,Sardina Lata,3,2025-12-31 00:00:00
253,26,Fanta 1L,5,2025-12-31 00:00:00
861,32,Jabón Ropa,2,2025-12-31 00:00:00
68,34,Papel Higiénico,3,2026-01-01 00:00:00
863,28,Jugo Caja,7,2026-01-01 00:00:00
898,5,Harina 1kg,2,2026-01-01 00:00:00
473,34,Papel Higiénico,3,2026-01-01 00:00:00
148,24,Inca Kola 1L,5,2026-01-01 00:00:00
661,15,Yogurt 1L,7,2026-01-02 00:00:00
499,32,Jabón Ropa,7,2026-01-02 00:00:00
298,25,Sprite 1L,8,2026-01-02 00:00:00
696,39,Desodorante,5,2026-01-02 00:00:00
688,39,Desodorante,8,2026-01-02 00:00:00
218,29,Cerveza (unidad),8,2026-01-02 00:00:00
483,6,Sal 1kg,7,2026-01-02 00:00:00
794,18,Pan de Molde,7,2026-01-03 00:00:00
658,18,Pan de Molde,5,2026-01-03 00:00:00
994,32,Jabón Ropa,6,2026-01-03 00:00:00
782,24,Inca Kola 1L,8,2026-01-04 00:00:00
721,18,Pan de Molde,4,2026-01-04 00:00:00
469,37,Pasta Dental,6,2026-01-04 00:00:00
79,16,Queso Fresco,1,2026-01-04 00:00:00
414,3,Aceite Vegetal 1L,4,2026-01-04 00:00:00
365,15,Yogurt 1L,4,2026-01-05 00:00:00
853,8,Frijoles 500g,1,2026-01-05 00:00:00
843,38,Jabón de Tocador,8,2026-01-05 00:00:00
729,27,Agua 625ml,2,2026-01-06 00:00:00
1040,14,Leche Gloria,2,2026-01-06 00:00:00
534,4,Fideos Tallarín,1,2026-01-06 00:00:00
189,24,Inca Kola 1L,8,2026-01-06 00:00:00
176,2,Azúcar Rubia 1kg,2,2026-01-07 00:00:00
526,9,Quinua 500g,3,2026-01-07 00:00:00
657,24,Inca Kola 1L,8,2026-01-07 00:00:00
185,40,Toallas Sanitarias,8,2026-01-07 00:00:00
80,6,Sal 1kg,3,2026-01-08 00:00:00
560,27,Agua 625ml,3,2026-01-08 00:00:00
486,16,Queso Fresco,5,2026-01-08 00:00:00
270,22,Caramelos Bolsa,6,2026-01-08 00:00:00
198,12,Sardina Lata,3,2026-01-08 00:00:00
758,23,Coca Cola 1L,5,2026-01-09 00:00:00
215,40,Toallas Sanitarias,5,2026-01-09 00:00:00
357,24,Inca Kola 1L,1,2026-01-09 00:00:00
978,7,Lentejas 500g,4,2026-01-09 00:00:00
611,31,Detergente 1kg,1,2026-01-09 00:00:00
825,19,Galletas Chocolate,1,2026-01-09 00:00:00
887,17,Huevos (docena),2,2026-01-10 00:00:00
779,38,Jabón de Tocador,3,2026-01-10 00:00:00
1026,23,Coca Cola 1L,8,2026-01-10 00:00:00
587,8,Frijoles 500g,1,2026-01-10 00:00:00
87,32,Jabón Ropa,1,2026-01-11 00:00:00
550,18,Pan de Molde,6,2026-01-11 00:00:00
436,2,Azúcar Rubia 1kg,5,2026-01-11 00:00:00
1007,38,Jabón de Tocador,3,2026-01-12 00:00:00
571,27,Agua 625ml,2,2026-01-13 00:00:00
512,25,Sprite 1L,6,2026-01-13 00:00:00
387,19,Galletas Chocolate,4,2026-01-14 00:00:00
104,1,Arroz Costeño,4,2026-01-14 00:00:00
929,21,Chocolate Barra,1,2026-01-14 00:00:00
75,31,Detergente 1kg,1,2026-01-15 00:00:00
672,16,Queso Fresco,7,2026-01-15 00:00:00
879,14,Leche Gloria,5,2026-01-15 00:00:00
826,5,Harina 1kg,1,2026-01-15 00:00:00
217,30,Energizante Lata,2,2026-01-15 00:00:00
828,15,Yogurt 1L,7,2026-01-15 00:00:00
300,35,Servilletas,1,2026-01-15 00:00:00
132,14,Leche Gloria,5,2026-01-16 00:00:00
452,3,Aceite Vegetal 1L,5,2026-01-16 00:00:00
841,8,Frijoles 500g,3,2026-01-16 00:00:00
424,29,Cerveza (unidad),5,2026-01-16 00:00:00
844,16,Queso Fresco,4,2026-01-16 00:00:00
207,2,Azúcar Rubia 1kg,7,2026-01-16 00:00:00
818,9,Quinua 500g,6,2026-01-16 00:00:00
839,29,Cerveza (unidad),8,2026-01-17 00:00:00
347,10,Avena 500g,5,2026-01-17 00:00:00
1052,18,Pan de Molde,1,2026-01-17 00:00:00
213,17,Huevos (docena),2,2026-01-17 00:00:00
195,37,Pasta Dental,3,2026-01-17 00:00:00
531,22,Caramelos Bolsa,8,2026-01-18 00:00:00
882,27,Agua 625ml,7,2026-01-18 00:00:00
457,32,Jabón Ropa,2,2026-01-19 00:00:00
135,25,Sprite 1L,2,2026-01-19 00:00:00
226,39,Desodorante,8,2026-01-20 00:00:00
562,1,Arroz Costeño,2,2026-01-20 00:00:00
737,7,Lentejas 500g,4,2026-01-20 00:00:00
318,5,Harina 1kg,4,2026-01-21 00:00:00
840,17,Huevos (docena),4,2026-01-21 00:00:00
1035,36,Shampoo Sachet,5,2026-01-21 00:00:00
910,10,Avena 500g,3,2026-01-21 00:00:00
596,6,Sal 1kg,4,2026-01-21 00:00:00
494,39,Desodorante,5,2026-01-22 00:00:00
440,7,Lentejas 500g,1,2026-01-22 00:00:00
517,36,Shampoo Sachet,3,2026-01-22 00:00:00
623,33,Lejía 1L,3,2026-01-22 00:00:00
673,39,Desodorante,2,2026-01-22 00:00:00
447,14,Leche Gloria,2,2026-01-22 00:00:00
306,27,Agua 625ml,8,2026-01-23 00:00:00
434,24,Inca Kola 1L,3,2026-01-23 00:00:00
905,10,Avena 500g,6,2026-01-23 00:00:00
608,15,Yogurt 1L,5,2026-01-24 00:00:00
530,34,Papel Higiénico,6,2026-01-24 00:00:00
1029,32,Jabón Ropa,4,2026-01-24 00:00:00
170,26,Fanta 1L,5,2026-01-25 00:00:00
720,32,Jabón Ropa,1,2026-01-25 00:00:00
678,33,Lejía 1L,1,2026-01-25 00:00:00
767,13,Durazno en Almíbar,7,2026-01-25 00:00:00
474,12,Sardina Lata,8,2026-01-25 00:00:00
880,26,Fanta 1L,5,2026-01-25 00:00:00
451,13,Durazno en Almíbar,2,2026-01-26 00:00:00
204,28,Jugo Caja,4,2026-01-26 00:00:00
842,21,Chocolate Barra,8,2026-01-26 00:00:00
618,31,Detergente 1kg,1,2026-01-26 00:00:00
519,39,Desodorante,8,2026-01-26 00:00:00
923,23,Coca Cola 1L,5,2026-01-27 00:00:00
1009,13,Durazno en Almíbar,7,2026-01-27 00:00:00
325,15,Yogurt 1L,7,2026-01-27 00:00:00
522,25,Sprite 1L,2,2026-01-27 00:00:00
814,5,Harina 1kg,7,2026-01-27 00:00:00
610,25,Sprite 1L,8,2026-01-28 00:00:00
138,28,Jugo Caja,4,2026-01-28 00:00:00
82,1,Arroz Costeño,4,2026-01-29 00:00:00
437,22,Caramelos Bolsa,1,2026-01-29 00:00:00
873,11,Atún Lata,5,2026-01-29 00:00:00
1011,40,Toallas Sanitarias,7,2026-01-29 00:00:00
566,29,Cerveza (unidad),1,2026-01-29 00:00:00
801,31,Detergente 1kg,6,2026-01-29 00:00:00
183,20,Galletas Soda,6,2026-01-29 00:00:00
356,12,Sardina Lata,3,2026-01-29 00:00:00
412,29,Cerveza (unidad),5,2026-01-29 00:00:00
84,39,Desodorante,5,2026-01-30 00:00:00
353,28,Jugo Caja,2,2026-01-30 00:00:00
946,10,Avena 500g,1,2026-01-30 00:00:00
919,27,Agua 625ml,4,2026-01-30 00:00:00
403,8,Frijoles 500g,3,2026-01-31 00:00:00
74,35,Servilletas,3,2026-01-31 00:00:00
410,39,Desodorante,8,2026-01-31 00:00:00
504,24,Inca Kola 1L,8,2026-01-31 00:00:00
616,37,Pasta Dental,3,2026-02-01 00:00:00
669,20,Galletas Soda,3,2026-02-01 00:00:00
539,3,Aceite Vegetal 1L,1,2026-02-01 00:00:00
371,30,Energizante Lata,6,2026-02-02 00:00:00
604,39,Desodorante,3,2026-02-02 00:00:00
1043,12,Sardina Lata,5,2026-02-02 00:00:00
766,15,Yogurt 1L,7,2026-02-02 00:00:00
1012,13,Durazno en Almíbar,7,2026-02-03 00:00:00
220,10,Avena 500g,8,2026-02-03 00:00:00
718,16,Queso Fresco,1,2026-02-04 00:00:00
932,1,Arroz Costeño,7,2026-02-04 00:00:00
911,21,Chocolate Barra,8,2026-02-04 00:00:00
704,1,Arroz Costeño,8,2026-02-04 00:00:00
626,26,Fanta 1L,2,2026-02-04 00:00:00
586,1,Arroz Costeño,2,2026-02-04 00:00:00
791,16,Queso Fresco,2,2026-02-04 00:00:00
133,26,Fanta 1L,5,2026-02-05 00:00:00
98,26,Fanta 1L,2,2026-02-05 00:00:00
156,19,Galletas Chocolate,1,2026-02-05 00:00:00
544,14,Leche Gloria,7,2026-02-05 00:00:00
442,21,Chocolate Barra,1,2026-02-06 00:00:00
683,15,Yogurt 1L,2,2026-02-06 00:00:00
886,28,Jugo Caja,7,2026-02-06 00:00:00
409,24,Inca Kola 1L,8,2026-02-06 00:00:00
90,20,Galletas Soda,3,2026-02-06 00:00:00
245,4,Fideos Tallarín,7,2026-02-06 00:00:00
981,23,Coca Cola 1L,6,2026-02-07 00:00:00
903,33,Lejía 1L,1,2026-02-07 00:00:00
468,3,Aceite Vegetal 1L,6,2026-02-07 00:00:00
404,31,Detergente 1kg,1,2026-02-07 00:00:00
1055,9,Quinua 500g,6,2026-02-08 00:00:00
687,16,Queso Fresco,6,2026-02-09 00:00:00
229,5,Harina 1kg,3,2026-02-09 00:00:00
484,23,Coca Cola 1L,3,2026-02-09 00:00:00
915,21,Chocolate Barra,1,2026-02-09 00:00:00
918,6,Sal 1kg,1,2026-02-09 00:00:00
1025,17,Huevos (docena),4,2026-02-09 00:00:00
559,24,Inca Kola 1L,6,2026-02-10 00:00:00
630,2,Azúcar Rubia 1kg,4,2026-02-10 00:00:00
276,20,Galletas Soda,6,2026-02-10 00:00:00
1033,24,Inca Kola 1L,5,2026-02-10 00:00:00
411,31,Detergente 1kg,1,2026-02-10 00:00:00
405,27,Agua 625ml,4,2026-02-11 00:00:00
738,3,Aceite Vegetal 1L,6,2026-02-11 00:00:00
591,30,Energizante Lata,7,2026-02-11 00:00:00
67,16,Queso Fresco,1,2026-02-11 00:00:00
269,18,Pan de Molde,4,2026-02-11 00:00:00
976,16,Queso Fresco,2,2026-02-11 00:00:00
423,28,Jugo Caja,4,2026-02-12 00:00:00
413,33,Lejía 1L,3,2026-02-12 00:00:00
177,25,Sprite 1L,5,2026-02-12 00:00:00
613,26,Fanta 1L,7,2026-02-12 00:00:00
313,2,Azúcar Rubia 1kg,4,2026-02-12 00:00:00
134,3,Aceite Vegetal 1L,4,2026-02-12 00:00:00
378,14,Leche Gloria,5,2026-02-12 00:00:00
765,32,Jabón Ropa,7,2026-02-13 00:00:00
1034,11,Atún Lata,3,2026-02-13 00:00:00
254,19,Galletas Chocolate,8,2026-02-13 00:00:00
677,17,Huevos (docena),1,2026-02-13 00:00:00
1058,22,Caramelos Bolsa,5,2026-02-13 00:00:00
122,12,Sardina Lata,4,2026-02-13 00:00:00
776,24,Inca Kola 1L,8,2026-02-14 00:00:00
815,2,Azúcar Rubia 1kg,4,2026-02-14 00:00:00
619,18,Pan de Molde,4,2026-02-14 00:00:00
827,10,Avena 500g,5,2026-02-14 00:00:00
211,26,Fanta 1L,4,2026-02-15 00:00:00
651,33,Lejía 1L,1,2026-02-15 00:00:00
248,30,Energizante Lata,6,2026-02-15 00:00:00
1063,41,Prueba 1,2,2026-02-17 17:28:22
1064,41,Prueba 1,3,2026-02-18 11:54:20
1065,41,Prueba 1,2,2026-02-18 16:07:04
1066,41,Prueba 1,1,2026-02-18 17:17:37
